capacity_fraction,k,policy,precision_at_k,recall_at_k
0.05,1327,Global probability ranking,0.8598342125094197,0.10245128849780012
0.05,1327,Profile-balanced quota,0.6623963828183873,0.07892610218191613
0.1,2653,Global probability ranking,0.819449679607991,0.195205171949358
0.1,2653,Profile-balanced quota,0.662269129287599,0.15776241357636706
0.15,3979,Global probability ranking,0.7597386277959286,0.27143755050731794
0.15,3979,Profile-balanced quota,0.630057803468208,0.22510550417527161
0.2,5305,Global probability ranking,0.717813383600377,0.3419233186675047
0.2,5305,Profile-balanced quota,0.5926484448633365,0.28230223579060787
0.3,7957,Global probability ranking,0.6601734321980646,0.4716710065547275
0.3,7957,Profile-balanced quota,0.5288425285911775,0.37783963365358714
