channel,presentation,delta_AUROC,delta_AUPRC,delta_Brier
content,AAA-2013J,-0.02555197221533101,-0.03125320214530636,0.07659060569543116
content,AAA-2014J,-0.009370697695074814,9.392446465089632e-05,0.06427937214435611
content,BBB-2013B,0.0018213883565373346,0.0011191528197345146,0.007343527194380084
content,BBB-2013J,0.003853671683657467,0.003506692903095243,0.0255429463632314
content,BBB-2014B,0.0029354877810980895,0.003392746567697613,0.029212790698613794
content,BBB-2014J,-0.007105571813452172,-0.006193619974163456,0.04021196653133485
content,CCC-2014B,-0.008226279017354288,-0.00815328230758594,0.021627119105017856
content,CCC-2014J,-0.0039989749138641395,0.0024097643675535796,0.03172912612368728
content,DDD-2013B,-0.0130288510551535,-0.018995521892795186,0.019832777266491824
content,DDD-2013J,-0.025664824378995976,-0.026897001541315357,0.0477864647442208
content,DDD-2014B,-0.02261938538283348,-0.030753296084655046,0.03619940064420196
content,DDD-2014J,-0.023873737373737325,-0.019150954034950818,0.0323354015100667
content,EEE-2013J,-0.035964461251817625,-0.0402089548084843,0.07947982647440185
content,EEE-2014B,-0.044695607500642276,-0.04647676628057984,0.07316452629317621
content,EEE-2014J,-0.03837253696874865,-0.028738586630758123,0.0904582708165762
content,FFF-2013B,-0.025004603580562668,-0.023156923755996428,0.031321279073498604
content,FFF-2013J,-0.028972045884842368,-0.023812720679856403,0.042010809538949034
content,FFF-2014B,-0.03273641983761111,-0.025640379566365223,0.031220782648159084
content,FFF-2014J,-0.04492276606070533,-0.04162079071349567,0.06825088594867468
content,GGG-2013J,-0.0016633606083147345,-0.006465468436837485,0.03203837456542097
content,GGG-2014B,-0.007727845724707749,-0.006760190106933961,0.03437103746226128
content,GGG-2014J,-0.01168245016670233,-0.0026093618686293674,0.03737852071282238
navigation,AAA-2013J,-0.004465393202679135,0.014471075536015565,0.20021272489151773
navigation,AAA-2014J,0.006395168095217119,0.02520244389178261,0.18633564434732383
navigation,BBB-2013B,-0.014455522330183879,-0.022076874657304124,0.09015137088720707
navigation,BBB-2013J,-0.0068850610202843,-0.015307113463597477,0.14371679043378452
navigation,BBB-2014B,-0.030814716438204437,-0.07792783691862648,0.13913921219268457
navigation,BBB-2014J,-0.042238596246748306,-0.08478488862142797,0.2004741729128321
navigation,CCC-2014B,-0.01313690816733415,-0.040231791633776215,0.10879511707382092
navigation,CCC-2014J,-0.01466955209430787,-0.05507306613334351,0.12838024294103545
navigation,DDD-2013B,-0.05925510585516702,-0.10680087376425385,0.10102804755360129
navigation,DDD-2013J,-0.07134957004304421,-0.12692132473393247,0.1584148267575027
navigation,DDD-2014B,-0.059062787162233676,-0.1221969570388114,0.12477974966888528
navigation,DDD-2014J,-0.03658888888888878,-0.06792646883216635,0.1516961807845649
navigation,EEE-2013J,-0.015118342704549481,-0.05508382405787493,0.20981523201751298
navigation,EEE-2014B,-0.00762051545509046,-0.032310000692511776,0.18115506434849665
navigation,EEE-2014J,-0.023647893619398674,-0.08255001362204195,0.22905731176441108
navigation,FFF-2013B,-0.018279283887468134,-0.0376479133639811,0.08350663365121605
navigation,FFF-2013J,-0.016348145673237502,-0.04239657876591729,0.12325792052893009
navigation,FFF-2014B,-0.019842175463153144,-0.048015473823560195,0.08180827183893369
navigation,FFF-2014J,-0.014608395298125076,-0.04607296800081184,0.15517405524726083
navigation,GGG-2013J,-0.011870815769898346,-0.026154366161163012,0.15136058535950947
navigation,GGG-2014B,0.004391964381504132,-0.018232686549825017,0.14507966673240769
navigation,GGG-2014J,-0.00465524579697818,-0.039724436518278616,0.16115594129251826
assessment,AAA-2013J,0.0,0.0,0.0
assessment,AAA-2014J,0.0,0.0,0.0
assessment,BBB-2013B,-0.0033929650039894454,-0.0061320597654888065,0.004678113331304107
assessment,BBB-2013J,-0.005601594063343929,-0.01186902378984278,0.008904001229188191
assessment,BBB-2014B,0.0016232140692606922,-0.005440329772197328,0.004885467615803968
assessment,BBB-2014J,0.001577886937941475,-0.0004853339902629594,0.009006367178095775
assessment,CCC-2014B,-0.009946949602122168,-0.004663501256704894,0.0029407982920909015
assessment,CCC-2014J,-0.0054375124576440115,-0.003518333386130501,-0.0008713959126416815
assessment,DDD-2013B,0.0041900295646853936,0.0017034641966811037,-3.4968073374747055e-05
assessment,DDD-2013J,0.0029590869842214262,0.0010891062418574293,-0.003991198994315548
assessment,DDD-2014B,-0.0001228048630723677,-0.000577490013966786,-0.0009491417005093039
assessment,DDD-2014J,0.016264646464646537,0.00894317200886019,-0.0035585187518777373
assessment,EEE-2013J,0.0075633179081453505,0.012360362261982116,-0.01050864803796503
assessment,EEE-2014B,0.004586987633481199,0.006737489456533852,-0.00647546872585944
assessment,EEE-2014J,0.005061086899839862,0.00812765630709833,-0.01340039571588661
assessment,FFF-2013B,0.00455242966751912,0.0028409981755440628,-0.0007456101218270561
assessment,FFF-2013J,-0.0018743735382559246,-0.004464017082214111,0.0010096089259856444
assessment,FFF-2014B,0.00016989466530759056,0.005916228924639166,-2.9229736419805752e-05
assessment,FFF-2014J,0.0031499228387920075,0.0007632712734113589,-0.0014022397842406442
assessment,GGG-2013J,0.0,0.0,0.0
assessment,GGG-2014B,0.0,0.0,0.0
assessment,GGG-2014J,0.0006206994395968612,0.0018990114353197862,-0.0007790340829730291
communication,AAA-2013J,-0.004093277102455883,-0.006523372871809263,0.015838074703843713
communication,AAA-2014J,0.003019940489408013,-0.00026346633752261095,0.013162814072351176
communication,BBB-2013B,-0.000836123518840215,8.728827897552804e-05,0.005697761186081646
communication,BBB-2013J,-0.009475544786586076,-0.006445311526291686,0.01356861495939099
communication,BBB-2014B,-0.010290017760491543,-0.0049686409214670935,0.014937272700984883
communication,BBB-2014J,-0.01207802048494977,-0.00740764530282223,0.012862313294022404
communication,CCC-2014B,-0.007461295747299812,-0.004884446147046195,0.004921255953163617
communication,CCC-2014J,-0.00582248925083273,-0.003102462723085009,0.008363568620936346
communication,DDD-2013B,-0.022727427192714256,-0.019007614051367527,0.006460719887910915
communication,DDD-2013J,-0.02679024762545379,-0.019870896399442728,0.020475124829706065
communication,DDD-2014B,-0.0268857957119929,-0.019307589358042776,0.01445020154080498
communication,DDD-2014J,-0.05007272727272727,-0.032026009246515885,0.015142951446658032
communication,EEE-2013J,-0.0038922337772911986,-0.0013689229314418627,0.016742152645847358
communication,EEE-2014B,-0.009381918706347192,-0.013379342889768386,0.012760537649614184
communication,EEE-2014J,-0.0018391254143850233,-0.0015111422346922865,0.017637689823685437
communication,FFF-2013B,-0.011036317135549867,-0.007732405180730706,0.0030849815607619235
communication,FFF-2013J,-0.011888294910346264,-0.009758826641822926,0.01047888421654583
communication,FFF-2014B,-0.013339266967912655,-0.011031588281522953,0.004629137426755664
communication,FFF-2014J,-0.015150573452577198,-0.01657868800296991,0.019181163872605295
communication,GGG-2013J,0.0018260806678238595,0.0017686062208741582,0.005026827580565885
communication,GGG-2014B,-0.004888155777277192,-0.002118456683119385,0.00794048127581154
communication,GGG-2014J,-0.003427147620061133,-0.00015883934921590015,0.00717870697215145
collaboration,AAA-2013J,-0.0019432729678324767,-0.0035084783254643592,-0.0002976689447964087
collaboration,AAA-2014J,4.4410889550206e-05,-0.0014240937730280456,-0.0002317469141901174
collaboration,BBB-2013B,-5.9656527542584215e-05,0.00011425793047448174,-7.12241931004054e-05
collaboration,BBB-2013J,-0.0008294781352703451,-0.00024965073367888557,-0.00048224473068070317
collaboration,BBB-2014B,0.000708838611414242,0.0005490394249092478,-0.0008412191614005082
collaboration,BBB-2014J,0.008981036324786418,0.005190846525070847,-0.009173677920068068
collaboration,CCC-2014B,0.0013717688666977645,0.0006471790778194153,-0.0004852060185062401
collaboration,CCC-2014J,-0.00038155983940302285,0.000506408384255641,-0.0007716466515127474
collaboration,DDD-2013B,-0.00391137390831553,0.009412243586383262,0.006692110850794325
collaboration,DDD-2013J,0.018943007661286426,0.023720453956966314,-0.013685289346077184
collaboration,DDD-2014B,0.017247731286020973,0.023348553500668556,-0.005544174021695991
collaboration,DDD-2014J,0.02365252525252526,0.017336011400856055,-0.005532407423147256
collaboration,EEE-2013J,0.001315840396300172,0.00297802837819372,-0.002643955397665515
collaboration,EEE-2014B,0.001027485229899705,0.0002661410068756087,-0.0024784373240968327
collaboration,EEE-2014J,0.0002793608224382904,-0.0014001167390704783,-0.005474372142422218
collaboration,FFF-2013B,-0.0002782608695652833,0.0014670693142451174,0.0038724324876615035
collaboration,FFF-2013J,0.001109254928165826,0.0028825762556993206,0.0002661937730523145
collaboration,FFF-2014B,0.0034955193451702282,0.004914409698843936,0.0028532676649884736
collaboration,FFF-2014J,0.003989637785321243,0.0036114842784628065,-0.004070089730090626
collaboration,GGG-2013J,0.0,0.0,0.0
collaboration,GGG-2014B,0.0,0.0,0.0
collaboration,GGG-2014J,0.0,0.0,0.0
enrichment,AAA-2013J,0.024435623914661475,0.01329414284521524,-0.0026577682671097003
enrichment,AAA-2014J,-0.0016432029133542914,-0.0029738069643564513,0.0012116307394989256
enrichment,BBB-2013B,0.0,0.0,0.0
enrichment,BBB-2013J,0.0,0.0,0.0
enrichment,BBB-2014B,0.0,0.0,0.0
enrichment,BBB-2014J,0.0,0.0,0.0
enrichment,CCC-2014B,0.0,0.0,0.0
enrichment,CCC-2014J,0.0,0.0,0.0
enrichment,DDD-2013B,0.0,0.0,0.0
enrichment,DDD-2013J,0.0,0.0,0.0
enrichment,DDD-2014B,0.0,0.0,0.0
enrichment,DDD-2014J,0.0,0.0,0.0
enrichment,EEE-2013J,0.0,0.0,0.0
enrichment,EEE-2014B,0.0,0.0,0.0
enrichment,EEE-2014J,0.0,0.0,0.0
enrichment,FFF-2013B,0.0,0.0,0.0
enrichment,FFF-2013J,0.0,0.0,0.0
enrichment,FFF-2014B,0.0,0.0,0.0
enrichment,FFF-2014J,0.0,0.0,0.0
enrichment,GGG-2013J,0.0,0.0,0.0
enrichment,GGG-2014B,0.0,0.0,0.0
enrichment,GGG-2014J,0.0,0.0,0.0
