condition,channel,severity,seed,AUROC,AUPRC,Brier
Full,None,0.0,-1,0.7209748594841293,0.6521108770962142,0.2127686730480976
Single-channel outage,content,0.16666666666666666,-1,0.7098439709250601,0.6461810391098557,0.25251363048645
Single-channel outage,navigation,0.16666666666666666,-1,0.6897572640148842,0.5822202842240741,0.35458040472415164
Single-channel outage,assessment,0.16666666666666666,-1,0.718549413924704,0.6464749722383873,0.21298760716903326
Single-channel outage,communication,0.16666666666666666,-1,0.7140006599053844,0.648360402531081,0.22415637993723095
Single-channel outage,collaboration,0.16666666666666666,-1,0.7184047331563412,0.6498399149363032,0.21069700877288575
Single-channel outage,enrichment,0.16666666666666666,-1,0.7211318664236411,0.6521627871718313,0.21274772034073816
Random channel outage,Random,0.1,0,0.6903424799223334,0.6027991940410922,0.23289879539815045
Random channel outage,Random,0.1,1,0.6931391142356217,0.6071446626388104,0.23165207756951486
Random channel outage,Random,0.1,2,0.6896705722789722,0.6014187823619395,0.23343207443948263
Random channel outage,Random,0.1,3,0.6926565551404,0.606313732273417,0.23219010054924996
Random channel outage,Random,0.1,4,0.6902537425789461,0.6022024042018812,0.2328692189173926
Random channel outage,Random,0.1,5,0.6920484085859602,0.6064388520124533,0.23256547271894087
Random channel outage,Random,0.1,6,0.691038850229696,0.6073469717964608,0.23274019274981694
Random channel outage,Random,0.1,7,0.693530832017428,0.6043605994724657,0.23229834785500006
Random channel outage,Random,0.1,8,0.6898618497094814,0.6035170531901973,0.23346366329896925
Random channel outage,Random,0.1,9,0.690574722028645,0.6029102537542341,0.2329072067743662
Random channel outage,Random,0.2,0,0.6667952821696652,0.5607806721358093,0.25324225169874615
Random channel outage,Random,0.2,1,0.6694756699503093,0.5662107269723998,0.2524142567555322
Random channel outage,Random,0.2,2,0.6691639292927167,0.5691911164545683,0.25239787307657274
Random channel outage,Random,0.2,3,0.6663512627861776,0.5654680577873071,0.2529461168027461
Random channel outage,Random,0.2,4,0.6657381349878573,0.5622547089734975,0.2538315501516741
Random channel outage,Random,0.2,5,0.6667613530996015,0.56693968708191,0.2529717081599305
Random channel outage,Random,0.2,6,0.6671171516482942,0.5658048437915009,0.2532564820464624
Random channel outage,Random,0.2,7,0.6683035076857209,0.5680231632654715,0.2528633485163731
Random channel outage,Random,0.2,8,0.6653695988120185,0.5643082507416173,0.2541654579031887
Random channel outage,Random,0.2,9,0.6708240608611704,0.5687502480440172,0.2518549654797077
Random channel outage,Random,0.3,0,0.6424312917363383,0.530948689669315,0.27542958500996834
Random channel outage,Random,0.3,1,0.6395254785955484,0.5281356890255491,0.276578537651439
Random channel outage,Random,0.3,2,0.6461282676427298,0.5366595529403445,0.272826926953021
Random channel outage,Random,0.3,3,0.6511314266618059,0.5400896821187735,0.27222148964830517
Random channel outage,Random,0.3,4,0.6489098911074408,0.5377547855170295,0.2726699569913338
Random channel outage,Random,0.3,5,0.6456869737904573,0.5342952831611076,0.2747640013086266
Random channel outage,Random,0.3,6,0.644164939694412,0.5356678243189116,0.27373231481913224
Random channel outage,Random,0.3,7,0.6464824874843694,0.536457979793507,0.2734432090059821
Random channel outage,Random,0.3,8,0.643969410551932,0.5339325884029187,0.27448672518516265
Random channel outage,Random,0.3,9,0.6468551995008602,0.5335757583973892,0.27304107100043523
