fold,held_out,AUROC,AUPRC,F1,Balanced accuracy,Brier,horizon_days,feature_set,model
0,AAA-2013J,0.6159680950891461,0.4197001786850435,0.4247787610619469,0.6061933062245856,0.2209790137740509,28,Cumulative,Logistic regression
1,AAA-2014J,0.6216975244435199,0.39548157532885314,0.43902439024390244,0.5925109215727065,0.22510812013335452,28,Cumulative,Logistic regression
2,BBB-2013B,0.6962739451952017,0.705423878370264,0.6455083378160301,0.5813969622169958,0.23935619999717592,28,Cumulative,Logistic regression
3,BBB-2013J,0.6775230580387708,0.6027149873203099,0.6026349341266468,0.5536991891786155,0.25177320445059337,28,Cumulative,Logistic regression
4,BBB-2014B,0.680689492794032,0.6309893958750293,0.6180048661800487,0.5580703124031872,0.24867661501734972,28,Cumulative,Logistic regression
5,BBB-2014J,0.6365581255468067,0.5011400334247427,0.5342465753424658,0.5396229768153981,0.26183577729177243,28,Cumulative,Logistic regression
6,CCC-2014B,0.7024521093559488,0.7626120749300811,0.7178401270513499,0.622428446274871,0.2301390398615275,28,Cumulative,Logistic regression
7,CCC-2014J,0.6683872136638298,0.6757337619687109,0.6661348224970084,0.5869311226238627,0.23833700632715496,28,Cumulative,Logistic regression
8,DDD-2013B,0.688441854729313,0.7538919096309344,0.6666666666666666,0.6172678505364411,0.2324933913997239,28,Cumulative,Logistic regression
9,DDD-2013J,0.6871843882305635,0.6960651812387811,0.6660268714011516,0.5790448567846922,0.2379323071495655,28,Cumulative,Logistic regression
10,DDD-2014B,0.7071731412614756,0.7406771024928012,0.7007069913589945,0.6166184845166692,0.23234505667515679,28,Cumulative,Logistic regression
11,DDD-2014J,0.6973018184828915,0.6635733633023093,0.6538895152198422,0.6020139923828449,0.2361535764327155,28,Cumulative,Logistic regression
12,EEE-2013J,0.7370418564302754,0.6561739285487894,0.5895316804407713,0.6772004833162932,0.21657941268901304,28,Cumulative,Logistic regression
13,EEE-2014B,0.7507736965754043,0.7047327237835954,0.6199649737302977,0.6523730459925906,0.2204618535364514,28,Cumulative,Logistic regression
14,EEE-2014J,0.7432453537404342,0.6293816892654338,0.5802615933412604,0.6719593246221389,0.2210937805800653,28,Cumulative,Logistic regression
15,FFF-2013B,0.6902288772837957,0.6778083107031228,0.4856046065259117,0.6120055285847742,0.22803674718065717,28,Cumulative,Logistic regression
16,FFF-2013J,0.7076678352457877,0.6805151788314239,0.5459459459459459,0.6414325647480348,0.2215380652139103,28,Cumulative,Logistic regression
17,FFF-2014B,0.7032636293275947,0.7063663256542212,0.5854545454545454,0.6490684109185638,0.2280823162846409,28,Cumulative,Logistic regression
18,FFF-2014J,0.7405274283494245,0.6766381484993992,0.5751734772552043,0.6698794904526226,0.20729731430537984,28,Cumulative,Logistic regression
19,GGG-2013J,0.6038317119830674,0.4697902518608273,0.5250403877221325,0.4987483718658417,0.2839681134326308,28,Cumulative,Logistic regression
20,GGG-2014B,0.6665318017946896,0.5706756735519836,0.5801668211306765,0.5235191179179495,0.2689235480098999,28,Cumulative,Logistic regression
21,GGG-2014J,0.6580660330660331,0.5428060368514888,0.55863539445629,0.526024651024651,0.26748602903694235,28,Cumulative,Logistic regression
0,AAA-2013J,0.6497888645605256,0.43283910673909554,0.38461538461538464,0.6018923991241789,0.1901280275022412,28,Temporal virtual sensing,Logistic regression
1,AAA-2014J,0.653900561680882,0.39242778756162133,0.4065934065934066,0.5959226128562514,0.20386365504279003,28,Temporal virtual sensing,Logistic regression
2,BBB-2013B,0.7062263074680402,0.7148897542415397,0.5963302752293578,0.6492965684049328,0.21656818522726426,28,Temporal virtual sensing,Logistic regression
3,BBB-2013J,0.679498762739383,0.6050400628442905,0.5912945166760882,0.6174462305119227,0.23325444682313043,28,Temporal virtual sensing,Logistic regression
4,BBB-2014B,0.6810971907258014,0.63052476825554,0.6275092936802974,0.6270852695887084,0.2373782078799314,28,Temporal virtual sensing,Logistic regression
5,BBB-2014J,0.6520286526684164,0.5191797158243843,0.5326152004787552,0.5938832841207349,0.24757550356301217,28,Temporal virtual sensing,Logistic regression
6,CCC-2014B,0.7054361864506282,0.7587301346421599,0.6760909649661955,0.6468375466262046,0.21844415767951583,28,Temporal virtual sensing,Logistic regression
7,CCC-2014J,0.6647464963911116,0.6696835131658095,0.6324222431668237,0.6142871833041161,0.22976713345407368,28,Temporal virtual sensing,Logistic regression
8,DDD-2013B,0.7027901097545937,0.7579477159494942,0.6247723132969034,0.6529874213836478,0.22181314639800587,28,Temporal virtual sensing,Logistic regression
9,DDD-2013J,0.6887151422692117,0.6923105814632385,0.6288594833018274,0.6417067279263937,0.22447862405973185,28,Temporal virtual sensing,Logistic regression
10,DDD-2014B,0.6905417744923823,0.7262568045476445,0.6144455747711088,0.638347813237651,0.2235741728198563,28,Temporal virtual sensing,Logistic regression
11,DDD-2014J,0.6595086483313011,0.6432187518582297,0.5279449699054171,0.6119701109455208,0.22689385370411871,28,Temporal virtual sensing,Logistic regression
12,EEE-2013J,0.7534777085850606,0.6390140800601635,0.5855072463768116,0.6780369922855284,0.20567616334882638,28,Temporal virtual sensing,Logistic regression
13,EEE-2014B,0.7544106352218307,0.6990971510979314,0.631578947368421,0.6762446914249571,0.20851283953020508,28,Temporal virtual sensing,Logistic regression
14,EEE-2014J,0.7293044059208358,0.5983449466201106,0.5838668373879642,0.6803841949086367,0.21803463875350126,28,Temporal virtual sensing,Logistic regression
15,FFF-2013B,0.6942049405026265,0.6740445408903925,0.4912621359223301,0.619678162855874,0.2223977089339075,28,Temporal virtual sensing,Logistic regression
16,FFF-2013J,0.7071741491765893,0.6808447110113925,0.5102763997165131,0.6280453841124719,0.21568454329751086,28,Temporal virtual sensing,Logistic regression
17,FFF-2014B,0.7008626873560615,0.7045678012558025,0.5456292026897214,0.6358024691358025,0.22307665035435792,28,Temporal virtual sensing,Logistic regression
18,FFF-2014J,0.7306096422116423,0.6734038124032985,0.5460472697636511,0.6585971038134009,0.20253979568169247,28,Temporal virtual sensing,Logistic regression
19,GGG-2013J,0.6018067201237383,0.46874382699225503,0.51552210724365,0.5266708726799089,0.31165785923402584,28,Temporal virtual sensing,Logistic regression
20,GGG-2014B,0.6940047630325518,0.5901813146637409,0.6100966702470462,0.6023986210889187,0.2652946259621484,28,Temporal virtual sensing,Logistic regression
21,GGG-2014J,0.6635522885522886,0.5435053256773227,0.5637254901960784,0.5687679437679438,0.27136186441218363,28,Temporal virtual sensing,Logistic regression
0,AAA-2013J,0.6507897130571405,0.4177981560115128,0.45217391304347826,0.6351815099644422,0.21225072768610304,56,Cumulative,Logistic regression
1,AAA-2014J,0.6668073011502419,0.44847472407067834,0.49166666666666664,0.6496424923391215,0.21737453756787298,56,Cumulative,Logistic regression
2,BBB-2013B,0.7218514403322869,0.7278610999852901,0.6398131932282545,0.6007151326239178,0.23483227867528617,56,Cumulative,Logistic regression
3,BBB-2013J,0.7146065342990516,0.6547798616205056,0.5918181818181818,0.5665963659961064,0.24906456830496562,56,Cumulative,Logistic regression
4,BBB-2014B,0.7124947957016448,0.6903793658250936,0.6098654708520179,0.5687309944294244,0.2469756563520474,56,Cumulative,Logistic regression
5,BBB-2014J,0.6784267872073579,0.5482484883900206,0.5297820823244552,0.558052303976217,0.25857694550939264,56,Cumulative,Logistic regression
6,CCC-2014B,0.7332375478927202,0.7597040094113839,0.7042079207920792,0.6440584854631508,0.22443049462472714,56,Cumulative,Logistic regression
7,CCC-2014J,0.6934770352230987,0.6672432948922465,0.6530981456354591,0.6099518779008514,0.23312780707958355,56,Cumulative,Logistic regression
8,DDD-2013B,0.6854011621979814,0.7388857462260191,0.665090622537431,0.6009786930370069,0.23063033138702466,56,Cumulative,Logistic regression
9,DDD-2013J,0.6545767212022626,0.5836966121175639,0.6586538461538461,0.5676798170863827,0.2451077199190347,56,Cumulative,Logistic regression
10,DDD-2014B,0.6751176174162704,0.6647522029972908,0.6852589641434262,0.5895501530826137,0.23594140720448945,56,Cumulative,Logistic regression
11,DDD-2014J,0.7250979797979797,0.6884231377723558,0.6546329723225031,0.6239626262626262,0.23169167007020486,56,Cumulative,Logistic regression
12,EEE-2013J,0.7422252077424492,0.6604524268867933,0.5758039816232772,0.6785672820155579,0.20917887581274902,56,Cumulative,Logistic regression
13,EEE-2014B,0.7702224994801414,0.7270207438503689,0.6380597014925373,0.6828862549386567,0.21409603930578713,56,Cumulative,Logistic regression
14,EEE-2014J,0.7647805155138376,0.6673515861620478,0.5862516212710766,0.691012962342161,0.21396994550092976,56,Cumulative,Logistic regression
15,FFF-2013B,0.7339171355498721,0.7122645897206882,0.49894736842105264,0.6333340153452685,0.21554318704354933,56,Cumulative,Logistic regression
16,FFF-2013J,0.7507038645728923,0.7142449338129788,0.5687272727272727,0.663528789397483,0.20706127702506566,56,Cumulative,Logistic regression
17,FFF-2014B,0.7459630998929918,0.7386077550120766,0.6086956521739131,0.6717444885663426,0.21607649404773877,56,Cumulative,Logistic regression
18,FFF-2014J,0.7751593805416226,0.7095784909047081,0.5929734361610969,0.6910807726435417,0.19308261757374423,56,Cumulative,Logistic regression
19,GGG-2013J,0.6254390858748657,0.5073246235182689,0.5218800648298217,0.49826690222332426,0.2942041391724088,56,Cumulative,Logistic regression
20,GGG-2014B,0.6803018721167257,0.5955181043493725,0.5746268656716418,0.5207863963094089,0.27541104277863065,56,Cumulative,Logistic regression
21,GGG-2014J,0.6664981911044903,0.5578322268690589,0.5416666666666666,0.5233826346031071,0.2782116647257753,56,Cumulative,Logistic regression
0,AAA-2013J,0.6828743901430578,0.4422365406175439,0.4431818181818182,0.6342098734805259,0.18649604780316617,56,Temporal virtual sensing,Logistic regression
1,AAA-2014J,0.7148376781986943,0.49754435518912477,0.4838709677419355,0.6500421903450726,0.18924641123032268,56,Temporal virtual sensing,Logistic regression
2,BBB-2013B,0.7565752678950939,0.7680784675763586,0.634315424610052,0.6992322950611852,0.1950822117883925,56,Temporal virtual sensing,Logistic regression
3,BBB-2013J,0.7428048659228402,0.6965716787488813,0.6121902210314802,0.6698238732703942,0.2040962297876954,56,Temporal virtual sensing,Logistic regression
4,BBB-2014B,0.7467061402815327,0.7354719374584231,0.6273830155979203,0.6610486595308489,0.20789705403426637,56,Temporal virtual sensing,Logistic regression
5,BBB-2014J,0.7044481315031585,0.5961558516060401,0.556390977443609,0.6415162811222594,0.23188399967130913,56,Temporal virtual sensing,Logistic regression
6,CCC-2014B,0.7502968915240721,0.7799683906831306,0.695898161244696,0.6830108701305455,0.2032052217026876,56,Temporal virtual sensing,Logistic regression
7,CCC-2014J,0.7109052080070617,0.6858272595522138,0.6445846477392219,0.6454682650417154,0.2185077648604849,56,Temporal virtual sensing,Logistic regression
8,DDD-2013B,0.7484249158935672,0.7908783782038857,0.6527777777777778,0.6850953206239168,0.20665061377956612,56,Temporal virtual sensing,Logistic regression
9,DDD-2013J,0.7380496544497877,0.7293778626210397,0.6748617086662569,0.6677212119644134,0.2127877270203287,56,Temporal virtual sensing,Logistic regression
10,DDD-2014B,0.7239346678128453,0.7489665043506848,0.6720977596741344,0.6687148259346932,0.21146978363158486,56,Temporal virtual sensing,Logistic regression
11,DDD-2014J,0.708770707070707,0.6890569890933045,0.5664527956003667,0.6480838383838384,0.2099915063730742,56,Temporal virtual sensing,Logistic regression
12,EEE-2013J,0.7676353021180607,0.6740335528317889,0.5652173913043478,0.6813454744489227,0.18507818857800903,56,Temporal virtual sensing,Logistic regression
13,EEE-2014B,0.7958973982606143,0.7504236245436323,0.639269406392694,0.7090382004330116,0.18577671964661024,56,Temporal virtual sensing,Logistic regression
14,EEE-2014J,0.7779872983946063,0.6822269386791492,0.6111111111111112,0.7158714195254591,0.1872972225687195,56,Temporal virtual sensing,Logistic regression
15,FFF-2013B,0.7493340153452686,0.7213473681182556,0.5574092247301276,0.6568675191815857,0.2018584776591232,56,Temporal virtual sensing,Logistic regression
16,FFF-2013J,0.7695656531907784,0.7431750168829505,0.6018718502519799,0.68592827709099,0.1916857952236885,56,Temporal virtual sensing,Logistic regression
17,FFF-2014B,0.7575856700189166,0.7555240820372503,0.6066066066066066,0.6801428636633347,0.20159336316661397,56,Temporal virtual sensing,Logistic regression
18,FFF-2014J,0.781710479510294,0.7342158518939901,0.6238053866203301,0.7136631539693392,0.17922681013264982,56,Temporal virtual sensing,Logistic regression
19,GGG-2013J,0.6413262459707414,0.5172580863232366,0.5368888888888889,0.5428547813868915,0.3427241738618941,56,Temporal virtual sensing,Logistic regression
20,GGG-2014B,0.7028685226906984,0.6134659127501836,0.5882352941176471,0.5676094303186353,0.2947833060919548,56,Temporal virtual sensing,Logistic regression
21,GGG-2014J,0.701124352699156,0.5820760238979313,0.559610705596107,0.5721252748811804,0.29563385974455114,56,Temporal virtual sensing,Logistic regression
0,AAA-2013J,0.647841726618705,0.3988940761046275,0.39819004524886875,0.6005395683453237,0.2115416810215897,84,Cumulative,Logistic regression
1,AAA-2014J,0.6867829943121565,0.4506090097763729,0.463519313304721,0.6375686879398439,0.2136802363855498,84,Cumulative,Logistic regression
2,BBB-2013B,0.7361145703611457,0.7248698487680709,0.6436203645505971,0.6270999879484193,0.23056302605604778,84,Cumulative,Logistic regression
3,BBB-2013J,0.7284291974876351,0.6567175490016356,0.5858680393074404,0.5722838337637326,0.24913093074116036,84,Cumulative,Logistic regression
4,BBB-2014B,0.7450869432452649,0.7175628441005335,0.6094069529652352,0.5913695487131503,0.2422453783994419,84,Cumulative,Logistic regression
5,BBB-2014J,0.6912777899396769,0.544805573005268,0.5212240868706811,0.5600030100700526,0.2624858123068658,84,Cumulative,Logistic regression
6,CCC-2014B,0.758914596317482,0.7798345009295494,0.6970776906628653,0.6747808702581177,0.21790815799067226,84,Cumulative,Logistic regression
7,CCC-2014J,0.7099287450642453,0.6674659700868404,0.6420999495204442,0.629921928256312,0.23003813671667198,84,Cumulative,Logistic regression
8,DDD-2013B,0.69659364691056,0.7259902060016783,0.6596491228070176,0.6249953667667445,0.22758861547147916,84,Cumulative,Logistic regression
9,DDD-2013J,0.6602738221683051,0.561971877353834,0.6541129831516352,0.5743625029384664,0.24807287823596674,84,Cumulative,Logistic regression
10,DDD-2014B,0.6896872212336476,0.645087928876999,0.6666666666666666,0.5915497891300388,0.23514574178485656,84,Cumulative,Logistic regression
11,DDD-2014J,0.7284317702063816,0.6790399361510846,0.6382428940568475,0.6267238446642591,0.22967491258902,84,Cumulative,Logistic regression
12,EEE-2013J,0.7590787939363652,0.6737257274815273,0.5737704918032787,0.6864871135860642,0.20245569785445158,84,Cumulative,Logistic regression
13,EEE-2014B,0.7886070315976859,0.751726024351275,0.6424242424242425,0.7006269797638682,0.20719142215131325,84,Cumulative,Logistic regression
14,EEE-2014J,0.7748904818797293,0.6697005495750996,0.5789473684210527,0.7035229202037352,0.20672740240852414,84,Cumulative,Logistic regression
15,FFF-2013B,0.7608960225769468,0.7201075450638226,0.5331858407079646,0.6546895669812153,0.20447281274778015,84,Cumulative,Logistic regression
16,FFF-2013J,0.7702505759854262,0.7231353817054743,0.6113152094048494,0.6899079018651807,0.1976179276793594,84,Cumulative,Logistic regression
17,FFF-2014B,0.7736585799198862,0.7538631423860265,0.6453546453546454,0.7002331265882757,0.20484258962229396,84,Cumulative,Logistic regression
18,FFF-2014J,0.7840370828000031,0.7018283527958388,0.6070460704607046,0.7033797731527038,0.18498157602614526,84,Cumulative,Logistic regression
19,GGG-2013J,0.6421088519712373,0.5556489577248062,0.5235008103727715,0.5006405488056864,0.2978969525686732,84,Cumulative,Logistic regression
20,GGG-2014B,0.7164456882030104,0.656718023192228,0.5719733079122974,0.5257159158832799,0.2706917545180688,84,Cumulative,Logistic regression
21,GGG-2014J,0.6892973759785987,0.5893230962760019,0.5156794425087108,0.5230044454935285,0.28379754813882874,84,Cumulative,Logistic regression
0,AAA-2013J,0.6822841726618706,0.42022776880647095,0.4418604651162791,0.6403776978417266,0.18559081401567531,84,Temporal virtual sensing,Logistic regression
1,AAA-2014J,0.7118962691603201,0.5321547528130374,0.4816753926701571,0.6559818760242939,0.19320982028863143,84,Temporal virtual sensing,Logistic regression
2,BBB-2013B,0.7720845217531033,0.771709938953476,0.6388384754990926,0.7029245169324709,0.18573155135236583,84,Temporal virtual sensing,Logistic regression
3,BBB-2013J,0.7600902197225018,0.699857463639049,0.6288987905792489,0.677935013349674,0.20851264447938678,84,Temporal virtual sensing,Logistic regression
4,BBB-2014B,0.7843451732281479,0.7583299374581542,0.6533713200379867,0.7003742747725916,0.18816741253180536,84,Temporal virtual sensing,Logistic regression
5,BBB-2014J,0.7289386310566258,0.6135490656604552,0.5599006828057107,0.6392788297820589,0.24933744959788803,84,Temporal virtual sensing,Logistic regression
6,CCC-2014B,0.7913287230712314,0.8170450448500226,0.687973086627418,0.7129435954352714,0.18445403540645777,84,Temporal virtual sensing,Logistic regression
7,CCC-2014J,0.740608882429356,0.7039771495378468,0.6415320167564332,0.6680960526823496,0.20820337905095382,84,Temporal virtual sensing,Logistic regression
8,DDD-2013B,0.7675859001445569,0.7993753060582036,0.5985748218527316,0.6783813336298603,0.1994667693253467,84,Temporal virtual sensing,Logistic regression
9,DDD-2013J,0.7782002687088079,0.7683233903946335,0.6857142857142857,0.6838270242815986,0.19992220194967472,84,Temporal virtual sensing,Logistic regression
10,DDD-2014B,0.7850667638116322,0.8045397178285907,0.6817610062893081,0.722756208170452,0.1879182008000821,84,Temporal virtual sensing,Logistic regression
11,DDD-2014J,0.709027886812861,0.6726926557811403,0.5893805309734513,0.6499385042131156,0.21222728689468096,84,Temporal virtual sensing,Logistic regression
12,EEE-2013J,0.8039313676495086,0.7283865666291267,0.6104868913857678,0.7172931391447133,0.16646152327884467,84,Temporal virtual sensing,Logistic regression
13,EEE-2014B,0.8260294772114454,0.7924586591798253,0.674937965260546,0.7435273174690437,0.16139471077394255,84,Temporal virtual sensing,Logistic regression
14,EEE-2014J,0.8014970969837976,0.7114493861192992,0.6382978723404256,0.745826259196378,0.16750543142769042,84,Temporal virtual sensing,Logistic regression
15,FFF-2013B,0.7801724137931034,0.7424458875687078,0.5692640692640693,0.6749338566011113,0.18910207502315415,84,Temporal virtual sensing,Logistic regression
16,FFF-2013J,0.7973150446797999,0.767433094014655,0.6726893676164003,0.7296702446226477,0.17849534974905748,84,Temporal virtual sensing,Logistic regression
17,FFF-2014B,0.8023996425033382,0.7969057905013268,0.6632337796086509,0.721524098720765,0.18199938825142561,84,Temporal virtual sensing,Logistic regression
18,FFF-2014J,0.791580162329735,0.7252907335728197,0.6143106457242583,0.706307479449825,0.17355767574243647,84,Temporal virtual sensing,Logistic regression
19,GGG-2013J,0.686508182494421,0.5985584081917501,0.5525070955534531,0.5765507479957022,0.3127299420353393,84,Temporal virtual sensing,Logistic regression
20,GGG-2014B,0.7552097484105852,0.7021606757725571,0.6253298153034301,0.661936912459925,0.22328462732762688,84,Temporal virtual sensing,Logistic regression
21,GGG-2014J,0.7274578071521303,0.6332874338188421,0.5547445255474452,0.6152976120225029,0.26388443145465834,84,Temporal virtual sensing,Logistic regression
0,AAA-2013J,0.6343339121806003,0.41919714128986685,0.38461538461538464,0.602269908211362,0.1921720201930059,56,Cumulative,Random forest
1,AAA-2014J,0.6661411378069902,0.4771265327503718,0.39751552795031053,0.6007238974996669,0.18967601608250514,56,Cumulative,Random forest
2,BBB-2013B,0.7450895220766438,0.7543229774589976,0.5791505791505791,0.6822096777801806,0.19928248183086006,56,Cumulative,Random forest
3,BBB-2013J,0.7261341870590945,0.6652397850188628,0.6093457943925233,0.6549508331414456,0.21409871413523307,56,Cumulative,Random forest
4,BBB-2014B,0.7142181431063469,0.6888662444824232,0.6204564666103127,0.6493317417403174,0.21623666778758924,56,Cumulative,Random forest
5,BBB-2014J,0.6034234485321441,0.4683463317831928,0.5253164556962026,0.5691657376439985,0.2809393059547769,56,Cumulative,Random forest
6,CCC-2014B,0.7176604947903122,0.7392135436732654,0.6565809379727685,0.6669852291049045,0.2152312882423599,56,Cumulative,Random forest
7,CCC-2014J,0.6646561690253139,0.6270676382353559,0.6226318484383001,0.614991884734759,0.23167137585224845,56,Cumulative,Random forest
8,DDD-2013B,0.7021272980596052,0.758775635209706,0.6221374045801527,0.6403388044992694,0.21783855150784767,56,Cumulative,Random forest
9,DDD-2013J,0.7218514829391658,0.7061020008981276,0.6568313021167415,0.6616195099234519,0.21567204170009774,56,Cumulative,Random forest
10,DDD-2014B,0.725912249573359,0.7390891735761831,0.6452304394426581,0.6601798879511491,0.2125238738195483,56,Cumulative,Random forest
11,DDD-2014J,0.6688393939393938,0.6156509786719797,0.6386349786715417,0.6085939393939395,0.24448966719021414,56,Cumulative,Random forest
12,EEE-2013J,0.7426398633295185,0.6606798268209599,0.532803180914513,0.6664759250966148,0.182288572660104,56,Cumulative,Random forest
13,EEE-2014B,0.7965946203809036,0.7465389746370439,0.6176470588235294,0.7008794784289261,0.18266018174417958,56,Cumulative,Random forest
14,EEE-2014J,0.7599382612582412,0.6609103921051014,0.5841269841269842,0.6965024025030729,0.18445743764011013,56,Cumulative,Random forest
15,FFF-2013B,0.7239774936061382,0.6971372360627064,0.48008611410118407,0.6266097186700768,0.21342921569509293,56,Cumulative,Random forest
16,FFF-2013J,0.738490923265397,0.6949854174633749,0.5436746987951807,0.6529986635482793,0.2045879498413838,56,Cumulative,Random forest
17,FFF-2014B,0.7178290504663227,0.708698614858785,0.5518630412890232,0.6385123313098118,0.21757838197509313,56,Cumulative,Random forest
18,FFF-2014J,0.7472689428451659,0.6714651663807168,0.5343915343915344,0.6548467421043653,0.19302511997092148,56,Cumulative,Random forest
19,GGG-2013J,0.612168361021572,0.4980316517449793,0.5221162185602776,0.5168324861558806,0.3369341355957389,56,Cumulative,Random forest
20,GGG-2014B,0.6710150466688123,0.5969518671925208,0.5826612903225806,0.5541452097414441,0.27698615763422474,56,Cumulative,Random forest
21,GGG-2014J,0.6102450876072923,0.49943950180005975,0.5400943396226415,0.5397513655387671,0.3142004313133175,56,Cumulative,Random forest
0,AAA-2013J,0.6941619118498304,0.46184550208845976,0.3918918918918919,0.6091127098321343,0.17685899998138577,56,Temporal virtual sensing,Random forest
1,AAA-2014J,0.692454589865435,0.5090786219568922,0.4146341463414634,0.6099835679708665,0.1833217013539664,56,Temporal virtual sensing,Random forest
2,BBB-2013B,0.7775258946614865,0.782888714810241,0.5817120622568094,0.6858198298297552,0.18745703934667965,56,Temporal virtual sensing,Random forest
3,BBB-2013J,0.7555348694814846,0.7080460774444395,0.6075768406004288,0.676301391011283,0.19562549240681368,56,Temporal virtual sensing,Random forest
4,BBB-2014B,0.7482028701376042,0.7329010624228126,0.63544536271809,0.6794231265843466,0.19947019556668813,56,Temporal virtual sensing,Random forest
5,BBB-2014J,0.696981111807878,0.5866002068855127,0.5559146735617324,0.6342713559085842,0.2327034876404419,56,Temporal virtual sensing,Random forest
6,CCC-2014B,0.763277769109412,0.7947419535664385,0.68828297715549,0.6891838300306861,0.19756574305443853,56,Temporal virtual sensing,Random forest
7,CCC-2014J,0.722157236823372,0.6973000083247739,0.6483050847457628,0.6512941712463338,0.21598534089601268,56,Temporal virtual sensing,Random forest
8,DDD-2013B,0.7523566792401537,0.8004784950284718,0.6449643947100712,0.6874418051449349,0.2044958462602525,56,Temporal virtual sensing,Random forest
9,DDD-2013J,0.7588408787356452,0.7607139311303976,0.6724137931034483,0.6860125736942018,0.20225184707430632,56,Temporal virtual sensing,Random forest
10,DDD-2014B,0.7381927358806166,0.766612969467034,0.6464864864864864,0.6644145384019275,0.2046789016200477,56,Temporal virtual sensing,Random forest
11,DDD-2014J,0.7223141414141414,0.6916175672275767,0.623938223938224,0.6552707070707071,0.21141212737911422,56,Temporal virtual sensing,Random forest
12,EEE-2013J,0.7718537316238464,0.682182024402616,0.5643939393939394,0.6835182697251663,0.1741799867177539,56,Temporal virtual sensing,Random forest
13,EEE-2014B,0.8026005161890084,0.766863447148069,0.6697892271662763,0.7351962619108778,0.1736656911792422,56,Temporal virtual sensing,Random forest
14,EEE-2014J,0.7876205907550191,0.6904963231319714,0.628125,0.728689425261668,0.17567368894788213,56,Temporal virtual sensing,Random forest
15,FFF-2013B,0.7552531969309464,0.7322286896270644,0.5677799607072691,0.6647038363171356,0.19874762824904518,56,Temporal virtual sensing,Random forest
16,FFF-2013J,0.7756721238445261,0.7502057662092598,0.6228571428571429,0.7001002338790512,0.1877772129137944,56,Temporal virtual sensing,Random forest
17,FFF-2014B,0.7675232400687692,0.7738443674861423,0.5919003115264797,0.6789789584189146,0.19885355628414655,56,Temporal virtual sensing,Random forest
18,FFF-2014J,0.7845721222572067,0.7372212513003029,0.5931899641577061,0.6961170787441038,0.176971034570647,56,Temporal virtual sensing,Random forest
19,GGG-2013J,0.664835420282668,0.5299454436222921,0.5514563106796116,0.5803656293908588,0.29976125438985196,56,Temporal virtual sensing,Random forest
20,GGG-2014B,0.7075689303722776,0.6080579087599185,0.6144430844553244,0.6365532131745522,0.25645984697153806,56,Temporal virtual sensing,Random forest
21,GGG-2014J,0.6968592608356388,0.5708886378976479,0.5732165206508135,0.5949315457189472,0.2879007028851849,56,Temporal virtual sensing,Random forest
0,AAA-2013J,0.6358637228148516,0.40403896577210113,0.23853211009174313,0.5585255933184486,0.1796129219488459,56,Cumulative,HistGradientBoosting
1,AAA-2014J,0.6781320779855221,0.48874347250490335,0.34375,0.5899986676733135,0.17828302105382732,56,Cumulative,HistGradientBoosting
2,BBB-2013B,0.7379624313017801,0.752381607911018,0.5048335123523093,0.6584635834184682,0.20774053819280783,56,Cumulative,HistGradientBoosting
3,BBB-2013J,0.7304196060371355,0.6709008382580316,0.5842531272994849,0.6622630623181428,0.20332489371741197,56,Cumulative,HistGradientBoosting
4,BBB-2014B,0.7219547608130825,0.695292440210445,0.5825641025641025,0.6557995646834996,0.20449506835275058,56,Cumulative,HistGradientBoosting
5,BBB-2014J,0.6195107824693422,0.48400124062934263,0.49525015832805575,0.570846688034188,0.24410278859169532,56,Cumulative,HistGradientBoosting
6,CCC-2014B,0.7148107695775039,0.7423637409557963,0.5192127460168697,0.628104358454257,0.2217939128382547,56,Cumulative,HistGradientBoosting
7,CCC-2014J,0.6640075172983286,0.632485572555721,0.5475141598489616,0.6090805546854978,0.22695730786253215,56,Cumulative,HistGradientBoosting
8,DDD-2013B,0.7045128623373093,0.7574756507976736,0.5549263873159683,0.6525011044279063,0.22446892535191115,56,Cumulative,HistGradientBoosting
9,DDD-2013J,0.7293074119469498,0.7125845234134844,0.606156274664562,0.6747429798491027,0.21286429432262535,56,Cumulative,HistGradientBoosting
10,DDD-2014B,0.7336066094424235,0.7427914962668951,0.5955334987593052,0.6672072903742161,0.2142870585808167,56,Cumulative,HistGradientBoosting
11,DDD-2014J,0.6610767676767677,0.607459579964561,0.5995893223819302,0.5991373737373737,0.23544016340102172,56,Cumulative,HistGradientBoosting
12,EEE-2013J,0.7560553537565032,0.6684656315986574,0.4744186046511628,0.6462656117828531,0.1754392928151268,56,Cumulative,HistGradientBoosting
13,EEE-2014B,0.7887967414039849,0.7416255030925399,0.5501432664756447,0.675993541521412,0.18442826226286743,56,Cumulative,HistGradientBoosting
14,EEE-2014J,0.7742671434424704,0.6668520117720123,0.5767790262172284,0.696977315901218,0.17513530473690989,56,Cumulative,HistGradientBoosting
15,FFF-2013B,0.7311468030690537,0.7051502327573838,0.31496062992125984,0.5851304347826087,0.2247233406932387,56,Cumulative,HistGradientBoosting
16,FFF-2013J,0.7441418866243458,0.7039260770511795,0.3570057581573896,0.596976277981958,0.21241076224752464,56,Cumulative,HistGradientBoosting
17,FFF-2014B,0.7253855594605972,0.7179953467767561,0.3954659949622166,0.6041885374351484,0.226973835428654,56,Cumulative,HistGradientBoosting
18,FFF-2014J,0.7588973418724188,0.6842391982778236,0.4080267558528428,0.6185928757790505,0.19236225210328065,56,Cumulative,HistGradientBoosting
19,GGG-2013J,0.6225101248037028,0.5023598788240776,0.5219831618334893,0.5355582072898587,0.29589448021522935,56,Cumulative,HistGradientBoosting
20,GGG-2014B,0.6725773790365841,0.5906504510147896,0.571767497034401,0.5828706683832208,0.24904168213531136,56,Cumulative,HistGradientBoosting
21,GGG-2014J,0.615108711073278,0.5140372874642938,0.5373525557011796,0.5612009647442718,0.2795812566038436,56,Cumulative,HistGradientBoosting
0,AAA-2013J,0.6896965186471512,0.47133754748303736,0.35294117647058826,0.6009054825105433,0.1691024181194532,56,Temporal virtual sensing,HistGradientBoosting
1,AAA-2014J,0.6990718124084025,0.5003611103835417,0.36220472440944884,0.5995692143713639,0.17392249046861527,56,Temporal virtual sensing,HistGradientBoosting
2,BBB-2013B,0.7664745229342064,0.774831430216086,0.5235042735042735,0.6690619383897212,0.1987709258614078,56,Temporal virtual sensing,HistGradientBoosting
3,BBB-2013J,0.7545196091771158,0.707708641137863,0.5901116427432217,0.6797095779866447,0.18992331624204853,56,Temporal virtual sensing,HistGradientBoosting
4,BBB-2014B,0.7516126737181617,0.7291116273995686,0.5900552486187846,0.6759672089677307,0.19229716813357564,56,Temporal virtual sensing,HistGradientBoosting
5,BBB-2014J,0.6927751068376067,0.5810359502823219,0.5185185185185185,0.6351292502787068,0.21112642864184133,56,Temporal virtual sensing,HistGradientBoosting
6,CCC-2014B,0.7610304953104141,0.7894515024768072,0.659468438538206,0.7014907421854684,0.20010563725001917,56,Temporal virtual sensing,HistGradientBoosting
7,CCC-2014J,0.7102935732794214,0.6831869211013519,0.6073113207547169,0.6420228366411345,0.21472192632437548,56,Temporal virtual sensing,HistGradientBoosting
8,DDD-2013B,0.7542664899582016,0.7969494271441977,0.5192307692307693,0.6489397492099093,0.2153332608780773,56,Temporal virtual sensing,HistGradientBoosting
9,DDD-2013J,0.7515587758758412,0.7535404719235781,0.6274217585692996,0.6766227277284238,0.20052058309557103,56,Temporal virtual sensing,HistGradientBoosting
10,DDD-2014B,0.7295794568637333,0.7581592772680014,0.5925925925925926,0.6630319250297484,0.20964192780546234,56,Temporal virtual sensing,HistGradientBoosting
11,DDD-2014J,0.72080101010101,0.6824064454857832,0.5899653979238755,0.652850505050505,0.2085478579814808,56,Temporal virtual sensing,HistGradientBoosting
12,EEE-2013J,0.7834475018383064,0.689091942936673,0.5571142284569138,0.6822825960756995,0.1678264410269199,56,Temporal virtual sensing,HistGradientBoosting
13,EEE-2014B,0.8028573874964833,0.7570135404405689,0.6377551020408163,0.7197044756767337,0.1723668374939059,56,Temporal virtual sensing,HistGradientBoosting
14,EEE-2014J,0.7895342123887212,0.6885051343400217,0.6109215017064846,0.717049390993407,0.16647392343929343,56,Temporal virtual sensing,HistGradientBoosting
15,FFF-2013B,0.7499253196930947,0.7233802883707818,0.5212876427829699,0.6451734015345268,0.20647838766933038,56,Temporal virtual sensing,HistGradientBoosting
16,FFF-2013J,0.7740071277425102,0.747259432231298,0.5627376425855514,0.6685321305267847,0.19088526112354362,56,Temporal virtual sensing,HistGradientBoosting
17,FFF-2014B,0.7656125590193781,0.7697537583980172,0.5280898876404494,0.655103686460663,0.20806177737262832,56,Temporal virtual sensing,HistGradientBoosting
18,FFF-2014J,0.7841185439475065,0.7367153114238154,0.5634615384615385,0.685061933936253,0.1760882617818129,56,Temporal virtual sensing,HistGradientBoosting
19,GGG-2013J,0.6682267129514836,0.5354660449056463,0.5419354838709678,0.5888683982147285,0.2734002631978475,56,Temporal virtual sensing,HistGradientBoosting
20,GGG-2014B,0.7015911651110397,0.6058484667591434,0.6016042780748663,0.6398656260057933,0.242314160200877,56,Temporal virtual sensing,HistGradientBoosting
21,GGG-2014J,0.6931173299283536,0.5690995411069417,0.5686813186813187,0.6068046392849542,0.26381446200758385,56,Temporal virtual sensing,HistGradientBoosting
