horizon_days,feature_set,model,AUROC,AUPRC,F1,Balanced accuracy,Brier
28,Cumulative,Logistic regression,0.6485947143265793,0.5694562823325985,0.6107925801011804,0.5981836181899287,0.23691942871933933
28,Temporal virtual sensing,Logistic regression,0.6703589974226617,0.6066258538005255,0.5818285574532263,0.6232379620033074,0.227857850107095
56,Cumulative,Logistic regression,0.6707889732944339,0.5754017884827829,0.6081921818247203,0.6126871231110486,0.2325965643821257
56,Temporal virtual sensing,Logistic regression,0.7209748594841293,0.6521108770962142,0.6126878130217028,0.6618693601529496,0.2127686730480976
84,Cumulative,Logistic regression,0.6885647652792624,0.5798719678928109,0.6058249466300701,0.6260020973119158,0.22900789103794159
84,Temporal virtual sensing,Logistic regression,0.7506094737127654,0.6925233190025312,0.6252630594397418,0.6816264952211673,0.20064419314578455
56,Cumulative,Random forest,0.6835648600120185,0.6070300137491768,0.5847678441758147,0.6308708810518939,0.22417219064215305
56,Temporal virtual sensing,Random forest,0.733754566030794,0.6832049982371525,0.6132584167837237,0.6684480133664252,0.20522844615513355
56,Cumulative,HistGradientBoosting,0.6851857952900193,0.6106941212641193,0.5177980343229618,0.617230957167168,0.2181544148705173
56,Temporal virtual sensing,HistGradientBoosting,0.7322770158724841,0.6808090164339675,0.5737538148524923,0.6595148630308216,0.20234417638597083
