feature,mean_one_vs_rest_ks,max_one_vs_rest_ks
assessment_weekly_sd,0.5667130357639568,0.7858221963974433
assessment_total,0.560481945274838,0.7858221963974433
assessment_slope,0.4500040569466589,0.6355476165647944
assessment_recent_share,0.40396648752100184,0.6454589661275372
collaboration_total,0.37540148834582177,0.523989218328841
collaboration_weekly_sd,0.37463798315935143,0.523989218328841
content_weekly_sd,0.37037557816471395,0.5235011949303439
assessment_active_weeks,0.3674899918571419,0.7858221963974433
content_total,0.36722073847985337,0.4816387332231459
collaboration_active_weeks,0.3492252192964557,0.523989218328841
channel_entropy,0.30696371616773555,0.5705104530887821
content_last_week,0.2895003569493532,0.3564462546506931
all_total,0.27004089713568946,0.5805177569293238
collaboration_recent_share,0.2661148088255104,0.39879688912185646
collaboration_slope,0.2521495627721392,0.41887799381194124
navigation_total,0.24789658080077004,0.5536104566119224
navigation_weekly_sd,0.2394967627133631,0.4857393870131874
content_active_weeks,0.2352648953089723,0.35634539559569545
navigation_last_week,0.21441779408758063,0.38511871992678753
communication_active_weeks,0.20679700947128213,0.4986142342971089
content_slope,0.20254588948167754,0.3475286700248011
communication_total,0.19912890454483717,0.4700578975155486
communication_weekly_sd,0.18913200482110987,0.4429514062455718
communication_last_week,0.17918622399292014,0.37501027008360177
navigation_active_weeks,0.17613187548236756,0.4721065218498021
assessment_last_week,0.1742697042230122,0.23353032636538174
communication_recent_share,0.163265596485436,0.45351836396039236
content_recent_share,0.16216114390187147,0.24857988381091645
communication_slope,0.14461069313729258,0.29091394139406623
navigation_slope,0.12766939108309727,0.2023234295055734
collaboration_last_week,0.11224132139911328,0.2724853598691328
navigation_recent_share,0.10077686885222094,0.2698539688435511
enrichment_total,0.026976033557868928,0.15841584158415845
enrichment_active_weeks,0.026976033557868928,0.15841584158415845
enrichment_weekly_sd,0.026976033557868928,0.15841584158415845
enrichment_recent_share,0.019268595398477823,0.11315417256011318
enrichment_slope,0.018064308186072964,0.10608203677510608
enrichment_last_week,0.0026494318672906875,0.01555869872701554
